Nom_media,Ville
Zones D'Ondes,Caen
Tsf 98,Hérouville-Saint-Clair
Tendance Ouest,Caen
Sport à Caen,Caen
Radio VFM,Caen
Radio Tou’Caen (Radio Caen Métropole Normandie),Caen
Radio Cristal,Épron
Racailles,Caen
Phénix Campus Caen,Caen
Patrimoine Normand,Les Moutiers-en-Cinglais
Ouest-France,Bayeux
Ouest-France,Vire Normandie
Ouest-France,Falaise
Ouest-France,Caen
Liberté le Bonhomme Libre,Caen
Les Nouvelles de Falaise,Falaise
"La Voix, Le Bocage",Vire Normandie
"La Renaissance, Le Bessin",Bayeux
Grand Format,Caen
France Bleu Normandie,Caen
France 3 Normandie Caen,Caen
Côté Caen - 14actu,Caen
Agriculteur Normand,Colombelles
666,Hérouville-Saint-Clair
Sud-Ouest,Cognac
Le Paysan Vigneron,Cognac
La Charente Libre,Cognac
Vogue Radio,Marennes-Hiers-Brouage
Villeneuve-info,La Rochelle
Terre Marine,Fouras
Televilleneuve,La Rochelle
Sud-Ouest,Saintes
Sud-Ouest,Rochefort
Sud-Ouest,Royan
Sud-Ouest,Jonzac
Sud-Ouest,La Rochelle
RCF Charente-Maritime,La Rochelle
Radio,Saint-Denis-d'Oléron
Pons,Pons
MO-TV (Marennes Oléron TV),Marennes-Hiers-Brouage
Les Rétais,La Flotte
Le Phare de Ré,Saint-Martin-de-Ré
Le Littoral de la Charente Maritime,Marennes-Hiers-Brouage
L'Hebdo de Charente Maritime,Surgères
L’Angérien Libre,Saint-Jean-d'Angély
L'Angérien Libre,Saint-Jean-d'Angély
L'Agriculteur Charentais,La Rochelle
Hélène FM,Surgères
Hédonia,Angoulins
Haute Saintonge,Jonzac
France Bleu La Rochelle,La Rochelle
France 3,Vaux-Sur-Mer
France 3,La Rochelle
Demoiselle FM,Rochefort
Courrier français de Charente-Maritime,La Rochelle
Collège -17,Aytré
Chassiron FM,Saint-Denis-d'Oléron
Cadence Musique,Cercoux
Actu La Rochelle,Ferrières
TV Tregor,Lannion
Splann !,Guingamp
RCF Côtes d'Armor,Saint-Brieuc
Radio Kreiz Breizh,Saint-Nicodème
Paysan Breton,Plérin
Ouest-France,Dinan
Ouest-France,Loudéac
Ouest-France,Guingamp
Ouest-France,Saint-Brieuc
Ouest-France,Lamballe-Armor
Ouest-France,Lannion
Ouest-France,Paimpol
Océane FM,Lannion
Le Trégor,Lannion
Le Télégramme,Loudéac
Le Télégramme,Lannion
Le Télégramme,Saint-Brieuc
Le Télégramme,Lamballe-Armor
Le Télégramme,Guingamp
Le Télégramme,Paimpol
Le Peuple Breton,Saint-Brieuc
Le Petit Bleu,Dinan
Le Penthièvre,Lamballe-Armor
Le Journal des entreprises,Saint-Brieuc
Le Cri de l'Ormeau,Saint-Brieuc
Le Courrier Indépendant,Loudéac
La Presse d'Armor,Paimpol
L'Hebdomadaire d'Armor,Merdrignac
L'Echo de l'Armor et de l'Argoat,Guingamp
Kreiz Breizh,Rostrenen
Fréquence 10,Dinan
France 3 Ouest,Saint-Brieuc
Dispak,Saint-Brieuc
D'ICI,Saint-Quay-Portrieux
Cob FM,Saint-Brieuc
Chérie FM Côtes-d'Armor,Lannion
Bretagne 5,Quessoy
Activ',Langueux
U,Brest
Transistoc'H Évasion,Le Faou
Tébéo,Brest
Sans Transition ! Bretagne,Morlaix
RCF PENN-AR-BED,Brest
Radiocéan,Moëlan-sur-Mer
Radio Pays de Léon (RPL),Landivisiau
Radio Nord Bretagne,Plouigneau
RADIO KERNE,Plonéis
Radio Evasion,Le Faou
Phare FM Cornouaille,Concarneau
Oufipo,Brest
Ouest-France,Douarnenez
Ouest-France,Morlaix
Ouest-France,Brest
Ouest-France,Quimper
Ouest-France,Quimperlé
Ouest-France,Carhaix-Plouguer
Ouest-France,Concarneau
Nord Bretagne,Plouigneau
Neptune,Brest
Le Télégramme,Quimperlé
Le Télégramme,Landerneau
Le Télégramme,Morlaix
Le Télégramme,Morlaix
Le Télégramme,Douarnenez
Le Télégramme,Pont-l'Abbé
Le Télégramme,Brest
Le Télégramme,Concarneau
Le Télégramme,Carhaix-Plouguer
Le Télégramme,Châteaulin
Le Poher,Carhaix-Plouguer
Le Journal des entreprises,Brest
Le Courrier-Le Progrès,Quimper
La gazette des monts d'arrée,La Feuillée
L'Hebdo du Finistère,Brest
Kerne,Plonéis
Fréquence Mutine,Brest
France Bleu Breizh Izel,Quimper
France 3 Ouest,Brest
France 3,Quimper
Eco-Bretons.info,Morlaix
Côté Quimper,Quimper
Côté Brest,Brest
Brudan Ha Skignan,Plonéis
Bretons,Guipavas
Bretagne Bretons,Brest
Breizh-Info,Carhaix-Plouguer
Bourrasque,Brest
Boa,Quimperlé
Arvorig FM,Landerneau
ARVORIG FM,Landerneau
Parlem TV,Nogaro
D'Artagnan,Nogaro
Wit FM,Bègles
Vivre le Bassin d'Arcachon,La Teste-de-Buch
TV7 Bordeaux,Bordeaux
TooBordo,Bordeaux
Sud-Ouest,Langon
Sud-Ouest,Bordeaux
Sud-Ouest,Libourne
Sud-Ouest,Arcachon
Sud-Ouest,Blaye
Sortir (Bordeaux),Bordeaux
Rue89 Bordeaux,Bordeaux
Revue Far Ouest,Bordeaux
RCF Bordeaux,Bordeaux
RBA (Radio bassin Arcachon),La Teste-de-Buch
R.I.G.,Blanquefort
R.I.G,Blanquefort
Quoi faire à Bordeaux,Bordeaux
Podcastine,Bordeaux
PlageFM,Andernos-les-Bains
Plage FM,Andernos-les-Bains
Placéco Nouvelle-Aquitaine,Bordeaux
Nos Cultures,Bordeaux
Mélodie FM,Libourne
Médocaine TV,Carcans
Les Annonces Landaises,Bordeaux
Le Type,Bordeaux
Le Résistant,Libourne
Le Républicain Sud Gironde,Langon
Le Journal du Médoc,Saint-Laurent-Médoc
Le Journal des entreprises,Eysines
Le Courrier de Gironde,Bordeaux
La Dépêche du Bassin,Gujan-Mestras
La Clé des Ondes,Bordeaux
L'essentiel Bordeaux,Bordeaux
L'echo des collines,Cenon
JUNKPAGE,Bordeaux
Junk Page,Bordeaux
Infos Bordeaux,Bordeaux
Hauts De Radio (O² Radio),Cenon
Haute Gironde,Blaye
GOLD FM,Bordeaux
France Bleu Gironde,Bordeaux
France 3 Nouvelle Aquitaine,Bordeaux
Entre Deux Mers,Sauveterre-de-Guyenne
Enjoy 33,Cadaujac
Échos Judiciaires Girondins,Bordeaux
Curieux Live,Bordeaux
Courrier Français,Bordeaux
Clé Des Ondes,Bordeaux
Campus Bordeaux,Pessac
Bordeaux TV,Bordeaux
Avenir Aquitain,Bordeaux
ARL (Aquitaine Radio Live),Langon
Aqui FM,Blanquefort
Aqui !,Cenon
Actu Bordeaux,Bordeaux
20 Minutes,Bordeaux
Yegg,Rennes
Univers FM,Cuguen
Unidivers,Rennes
TVR,Rennes
Terragricoles de Bretagne,Le Rheu
Soleil,Maen Roch
Sciences Ouest,Rennes
Rennes infos autrement,Rennes
Rennes 24,Rennes
RCF Alpha,Rennes
Radio Rennes,Rennes
Radio Rennes,Rennes
Radio Laser,Guichen
Radio Decibel,Rennes
Radio Caroline,Rennes
Parole De Vie,Saint-Malo
Ouest-France,Rennes
Ouest-France,Vitré
Ouest-France,Fougères
Ouest-France,Saint-Malo
Ouest-France,Redon
Ouest-France,Rennes
Map info,Saint-Jacques-de-la-Lande
Le Télégramme,Rennes
Le Pays Malouin,Saint-Malo
Le Mensuel de Rennes,Rennes
Le Journal des entreprises,Rennes
Le Journal de Vitré,Vitré
Laser,Guichen
La Chronique Républicaine,Fougères
L'Opinion Indépendante,Saint-Malo
L'Essentiel Rennes,Rennes
Frequence 8,Montfort-sur-Meu
France Bleu Armorique,Rennes
France 3 Bretagne,Rennes
Expansive,Rennes
Évasion,Saint-Méen-le-Grand
Canal B,Rennes
Campus Rennes,Rennes
C-Lab,Rennes
Brezhoneg,Rennes
Bikini,Saint-Grégoire
Agendaou,Dinard
Actu Rennes,Rennes
Actu Rennes,Rennes
TV Landes,Soustons
Sud-Ouest,Mont-de-Marsan
Souvenirs FM,Dax
Radio Bonne Nouvelle,Saint-Laurent-de-Gosse
MDM,Mont-de-Marsan
Landes Basket Magazine,Mont-de-Marsan
Landemains,Soustons
Hapchot webradio,Rion-des-Landes
Fréquence Grands Lacs,Biscarrosse
France Bleu Gascogne,Mont-de-Marsan
France 3 Nouvelle Aquitaine,Mont-de-Marsan
France 3 Nouvelle Aquitaine,Dax
Courrier français des Landes - Pyrénées-Atlantiques,Dax
Cote Sud FM,Seignosse
Canal Ha!,Hagetmau
Zadibao,Notre-Dame-des-Landes
Wik (Rennes),Nantes
Wik (Nantes),Nantes
VLIPP,Nantes
Urbanne,Orvault
Urbain Mood Mag,Nantes
TV sur Erdre,Nort-sur-Erdre
TV Sèvre et Maine,Clisson
Télévision 3 Provinces,Boussay
Télénantes,Nantes
SUN,Nantes
Sortir (Nantes),Nantes
Sorties à Nantes,Nantes
Saint-Nazaire TV,Saint-Nazaire
Saint-Nazaire News,Saint-Nazaire
RCA,Saint-Nazaire
Radio NTI,St Philbert de Grand-Lieu
Radio Naoned,Saint-Herblain
Radio Grand Lieu,SAINT-AIGNAN DE GRAND LIEU
Radio Fidélité,Nantes
Radio Atlantis,Nozay
Prun'FM,Nantes
Prun',Nantes
Presse Océan,Saint-Nazaire
Presse Océan,Nantes
Place Publique,Nantes
Pépites magazine,La Haie-Fouassière
Ouest-France,Châteaubriant
Ouest-France,Ancenis-Saint-Géréon
Ouest-France,La Baule-Escoublac
Ouest-France,Nantes
Ouest-France,Saint-Nazaire
NTV Nantes,Nantes
Nantes Sports,Sainte-Luce-sur-Loire
Nantes Seniors,Sainte-Luce-sur-Loire
Nantes Révoltée,Nantes
MonStudio.TV,Rezé
Médiacités Nantes,Nantes
Loire-Atlantique Agricole,Nantes
Les Bouillonnantes,Nantes
Lemon,Sainte-Luce-sur-Loire
Le Sauvage,Nantes
Le Magazine des Autres Possibles (MAP),Nantes
Le Journal des entreprises,Nantes
Le Haut Parleur,Saint-Nazaire
Le Courrier du Pays de Retz,Pornic
La Tribu,Saint-Nazaire
La Lettre API,Nantes
La lettre à Lulu,Nantes
L'informateur judiciaire,Nantes
L'inconnu du tramway,Nantes
L'Hebdo de Sèvre et Maine,Clisson
L'Essentiel Nantes,Nantes
L'Éclaireur de Châteaubriant,Châteaubriant
L'Echo de la Presqu'île,Saint-Nazaire
L'Echo de la Presqu'île,Guérande
L'écho de l'ouest,Couëron
L'Echo d'Ancenis,Ancenis-Saint-Géréon
Kostar,Nantes
Kinorama,Saint-Sébastien-sur-Loire
Joffre mon canard,Nantes
Jet FM,Saint-Herblain
Jade FM,Pornic
info-nantes.fr,Nantes
Info-media.fr Nantes,Nantes
inf-info.fr,Nantes
Imminente,Nantes
Ici &amp; Maintenant,Nantes
Hit West,Nantes
hellogazettenantes,Nantes
Grabuge,Nantes
France Bleu Loire Océan,Nantes
France 3 Pays de la Loire,Nantes
France 3,Saint-Nazaire
Fragil,Nantes
Euradionantes,Nantes
Euradio,Nantes
Estuaire,Saint-Nazaire
Com et Médias,Nantes
Châteaubriant actualité,Châteaubriant
Bigre,Nantes
Big City Life,Nantes
Auto-Moto Magazine,Orvault
Atlantis,Saint-Herblain
Alternantes,Saint-Herblain
Actu44,Châteaubriant
Actu Ouest,La Baule-Escoublac
Actu Nantes,Nantes
Actu Nantes,Nantes
20 Minutes,Nantes
Vigneron du Val de Loire,Angers
Vendée Info,Angers
Trélazé TV,Trélazé
TLC - Télé Locale du Choletais,La Séguinière
SUN,Cholet
RCF Anjou,Angers
Radio G !,Angers
OXYGENE RADIO,Segré-en-Anjou Bleu
Ouest-France,Angers
Ouest-France,Cholet
Mordus d’entreprendre,Angers
Le Kiosque,Saumur
Le Journal des entreprises,Saint-Barthélemy-d'Anjou
Le Courrier de l'Ouest,Angers
Le Courrier de l'Ouest,Saumur
Landes Info,Angers
La Topette,Angers
L'Anjou Agricole,Angers
France 3,Angers
Campus Angers,Angers
Basse-Chaîne.info,Angers
Anjou Maine Découvertes,Durtal
Anjou Agricole,Angers
Angers Villactu,Angers
Angers Télé,Angers
Angers info,Angers
Tendance Ouest,Cherbourg-en-Cotentin
Tendance Ouest,Saint-Lô
Sud Manche (Avranches FM),Avranches
Ouest-France,Granville
Ouest-France,Cherbourg-en-Cotentin
Ouest-France,Saint-Lô
Ouest-France,Avranches
Ouest-France,Coutances
Normandie Sport,Cherbourg-en-Cotentin
Normandie Magazine,Saint-Lô
La Presse de la Manche,Cherbourg-en-Cotentin
La Manche Libre,Cherbourg-en-Cotentin
La Manche Libre,Agneaux
La Lettre de Cancan,Percy-en-Normandie
La Gazette de la Manche,Saint-Hilaire-du-Harcouët
La Gazette de la Manche,Saint-Hilaire-du-Harcouët
Hag' FM,La Hague
France Bleu Cotentin,Cherbourg-en-Cotentin
France 3 Normandie,Avranches
France 3,Cherbourg-En-Cotentin
Flam,Flamanville
Côté Manche,Saint-Lô
C'est à Cherbourg,Cherbourg
Avranches FM,Avranches
Tranzistor,Laval
Ouest-France,Laval
Ouest-France,Château-Gontier-sur-Mayenne
Ouest-France,Mayenne
leglob-journal,L'Huisserie
Le Courrier de la Mayenne,Mayenne
Le Courrier de la Mayenne,Laval
L'avenir Agricole,Changé
L'Autre Radio,Château-Gontier-sur-Mayenne
Haut Anjou,Château-Gontier-sur-Mayenne
France Bleu Mayenne,Laval
France 3 Ouest,Laval
Fidélité Mayenne,Laval
Agri53,Laval
Agri 53,Laval
TV Rhuys,Sarzeau
Timbre FM,Augan
Tébésud,Lorient
Ste Anne Ploermel - Arc FM Pays,Ploërmel
Sorties de Secours,Lorient
RMN,Gourin
RCF Sud Bretagne,Vannes
RCF Sud Bretagne,Lorient
Radio Morbihan Sud,Auray
RADIO BRO GWENED,Pontivy
Radio Balises,Lanester
Pontivy Journal,Pontivy
Plum'FM,Sérent
PLUM' FM,Sérent
Ouest-France,Lorient
Ouest-France,Vannes
Ouest-France,Pontivy
Ouest-France,Auray
Ouest-France,Ploërmel
Océane FM,Questembert
Les Infos Pays de Ploërmel,Ploërmel
Les infos du pays Gallo,Caro
Le Télégramme,Pontivy
Le Télégramme,Vannes
Le Ploërmelais,Ploërmel
Le Journal des entreprises,Vannes
La Gazette du Centre Morbihan,Locminé
Jaime Radio,Lorient
Îl(e)s,Lorient
Gazette de Belle Ile,Le Palais
France 3 Bretagne,Lorient
Bro Gwened,Pontivy
Belle-Ile en diagonales - le média des gens d'ici | La une,Le Palais
Actu Morbihan,Vannes
Radio Coup De Foudre,Carrouges
Ouest-France,Flers
Ouest-France,Argentan
Mayenne Infos,Domfront en Poiraie
Le Publicateur Libre,Domfront en Poiraie
Le Journal de l'Orne,Argentan
L'Orne Combattante,Flers
Elios média,Lescar
Xiberoko Botza,Mauléon-Licharre
Xibero Telebista,Mauléon-Licharre
TVPI,Bidart
Sud-Ouest,Pau
Sud-Ouest,Biarritz
Sud-Ouest,Saint-Jean-de-Luz
Sud-Ouest,Orthez
Sud-Ouest,Anglet
Radio Star,Aïcirits-Camou-Suhast
Ràdio País,Pau
Radio Pais,Pau
Radio Oloron,Oloron-Sainte-Marie
Radio Kultura,Hasparren
Radio Kultura,Hasparren
RADIO INSIDE,Lescar
Radio Euro-Infos-Pyrénées-Métropole FM (REIPM FM),Pau
Radio Bonne Humeur,Bidart
Presse Lib',Pau
Pau D'Ousse,Pau
Miroir de la Soule,Mauléon-Licharre
Mendi Lilia,Mauléon-Licharre
Mediabask,Urrugne
MEDIABASK,Urrugne
Les Petites Affiches 64,Pau
Le Sillon,Pau
Lapurdi Irrtia,Bayonne
La voix du Béarn,Pau
la Semaine du Pays Basque,Biarritz
La République des Pyrénées,Pau
La République des Pyrénées,Oloron-Sainte-Marie
La République des Pyrénées,Orthez
L'éclair,Pau
KAZETA,Urrugne
Kanaldude,Bidarray
Irulegiko Irratia,Saint-Jean-Pied-de-Port
Ipar Euskal Herriko Hitza,Bayonne
Herria,Bayonne
Gure Irratia,Ustaritz
France Bleu Pays Basque,Bayonne
France Bleu Béarn,Pau
France 3 Nouvelle Aquitaine,Bayonne
France 3,Pau
Euskal Irratiak,Saint-Jean-Pied-de-Port
Enbata,Bayonne
Berria,Bayonne
Antxeta Irratia,Hendaye
Adour Presse Com,Géronce
Actu Pays Basque,Lahonce
Présence Lourdes-Pyrénées,Lourdes
La Nouvelle République des Pyrénées,Lourdes
La Dépêche du Midi,Lourdes
L'Essor Bigourdan,Lourdes
Fréquence Luz,Luz-Saint-Sauveur
Ouest-France,La Flèche
Ouest-France,Sablé-sur-Sarthe
Les Nouvelles de Sablé,Sablé-sur-Sarthe
Les Nouvelles – L'Echo Fléchois,Sablé-sur-Sarthe
Les Alpes Mancelles,Sillé-le-Guillaume
Fréquence Sillé FM,Sillé-le-Guillaume
Côté la Flèche,Sablé-sur-Sarthe
Radio Val D'Or,Airvault
Radio Gatine,Parthenay
Le Picton,Parthenay
La Nouvelle République du Centre-Ouest,Thouars
La Nouvelle République du Centre-Ouest,Parthenay
La Nouvelle République du Centre-Ouest,Bressuire
La Nouvelle République du Centre-Ouest,Niort
La Concorde,Melle
France 3 Nouvelle Aquitaine,Niort
D4B,Melle
Collines FM,Cerizay
Agri 79,Prahecq
Virgin Radio Vendée,La Roche-sur-Yon
Vendée Première,Challans
TV Vendée,Dompierre-sur-Yon
Télé Luçon Sud Vendée,Luçon
RCF Vendée,La Roche-sur-Yon
Ouest-France,Challans
Ouest-France,Saint-Gilles-Croix-de-Vie
Ouest-France,Les Sables-d'Olonne
Ouest-France,La Roche-sur-Yon
Ouest-France,Fontenay-le-Comte
Ouest-France,Les Herbiers
Nov FM,Saint-Gervais
Neptune FM,L'Île-d'Yeu
Ma ville solidaire,La Roche-sur-Yon
Les Sables Vendée Journal,Les Sables-d'Olonne
Le Reporter Sablais,Les Sables-d'Olonne
Le Journal du Pays Yonnais,La Roche-sur-Yon
Le Journal des Sables,Les Sables-d'Olonne
Le Courrier Vendéen,Challans
La WebTV insulaire,L'Île-d'Yeu
La Vendée agricole,La Roche-sur-Yon
Graffiti Urban Radio,La Roche-sur-Yon
France 3,La Roche-sur-Yon
Demain Vendée,Les Herbiers
Alouette,Les Herbiers
Zones,Ferney-Voltaire
RCF Pays de l'Ain,Bourg-en-Bresse
Radio Campus Tours,Bourg-en-Bresse
Radio B,Bourg-en-Bresse
Peuple Libre,Bourg-en-Bresse
Passion FM (PFM),Bellignat
Magville Oyonnax,Bourg-en-Bresse
Magville Mâcon,Bourg-en-Bresse
Magville Bourg-en-Bresse,Bourg-en-Bresse
Le Progrès,Béligneux
Le Progrès,Oyonnax
Le Progrès,Ambérieu-en-Bugey
Le Progrès,Bourg-en-Bresse
Le Pays Gessien,Valserhône
Le Pays Gessien,Valserhône
Le Journal du Bugey,Ambérieu-en-Bugey
Le Journal de la Côtière,Montluel
La Voix de l'Ain,Bourg-en-Bresse
L'Aindépendant,Feillens
L’Ain Agricole,Bourg-en-Bresse
France 3 Rhone Alpes Auvergne,Bourg-en-Bresse
France 3 Hauts De France,Soissons
FC Radio,Montluel
Exil Sorgia FM,Valserhône
Eco de l'Ain,Saint-Denis-lès-Bourg
R2M La Radio Plus,Château-Thierry
N Radio,Soissons
MaTélé,Saint-Quentin
Le Vase Communicant,Soissons
Le Démocrate de l'Aisne,Vervins
Le Courrier – La Gazette,Hirson
La Thiérache,Vervins
L'Union,Laon
L'Aisne nouvelle,Tergnier
L'Aisne nouvelle,Guise
L'Aisne nouvelle,Saint-Quentin
L'Agriculteur de l'Aisne,Laon
3Des,Proviseux-et-Plesnoy
Tartasse,Marcillat-en-Combraille
StylMF,Moulins
RMB,Montluçon
Regard Actu,Durdat-Larequille
RCF Allier,Moulins
Radio Coquelicot,Ébreuil
Qui Qu'En Grogne,Bourbon-l'Archambault
La Semaine de l'Allier,Moulins
La Montagne,Montluçon
La Montagne,Moulins
La Montagne,Vichy
L'esprit Sport et bien-être,Moulins
L’Aurore du Bourbonnais,Moulins
Jeunes Frequence Montluçon (Rjm),Montluçon
France 3 Rhone Alpes Auvergne,Moulins
Coquelicot,Ébreuil
Clash FM,Diou
Bocage,Moulins
Zinzine,Limans
Verdon,Castellane
Radio Zinzine,Limans
Oxygene Ubaye Val D'Allos,Allos
La Provence,Digne-les-Bains
La Provence,Manosque
La Canarde Sauvage,Reillanne
Haute-Provence Info,Manosque
Haute Provence Info,Manosque
Fréquence Mistral,Castellane
Fréquence Mistral,Sisteron
Fréquence Mistral,Digne les Bains
Fréquence Mistral,Manosque
France 3 Mediterranee,Digne-les-Bains
RCF Alpes-Provence,Gap
Radio Alpine Meilleure (R.A.M),Embrun
Les Cotentinois,Gap
Le Dauphiné Libéré,Briançon
Le Dauphiné Libéré,Gap
Imagine,L'Argentière-la-Bessée
Fréquence Mistral,Briançon
Fréquence Mistral,Gap
France 3 Mediterranee,Gap
BFM DICI,Chorges
Alpes et Midi,Gap
Alpes et Midi,Gap
Alpes 1,Gap
France 3 Côte d’Azur,Antibes
Vallée,Breil-sur-Roya
Tribune Bulletin Côte d'Azur,Nice
Tribuca,Nice
Studio Zef,Nice
Sequence Radio,Antibes
RCF Nice Côte d'Azur,Nice
Petites Affiches des Alpes Maritimes,Nice
Patriote Côte d'Azur,La Trinité
Oxygene Hautes-Alpes,Péone
Oxygene -6,Nice
Nice-Presse,Nice
Nice Matin,Cagnes-sur-Mer
Nice Matin,Antibes
Nice Matin,Cannes
Nice Matin,Grasse
Nice Matin,Menton
Nice Matin,Nice
Ligne 16,Nice
La Strada,Saint-Laurent-du-Var
L'Essentiel Nice,Nice
L'Avenir Côte d'Azur,Cannes
L'Avenir Côte d'Azur,Nice
L'Avenir Côte d'Azur,Cannes
Kiss FM,Nice
Grimaldi FM,Puget-Théniers
Grimaldi FM,Le Cannet
GrasseMat Info,Grasse
Fréquence K,Carros
France Bleu Azur,Nice
France 3 Mediterranee,Nice
France 3,Menton
Clin D'Œil FM,Valbonne
Chalom Nitsan,Nice
Cannes Radio,Cannes
BFM Nice Côte d'Azur,Nice
Association -6 / Radio As,Le Cannet
Agora Côte D'Azur,Grasse
Actu Nice,Nice
RCF Ardèche,Privas
RADIO DES BOUTIERES (RDB),Le Cheylard
Le Réveil Vivarais,Annonay
Le Dauphiné Libéré,Annonay
Le Dauphiné Libéré,Aubenas
Le Dauphiné Libéré,Privas
La Tribune LJT Tournon,Tournon-sur-Rhône
La Tribune de l'Ardèche,Aubenas
L’Avenir Agricole de l’Ardèche,Privas
Info Rc,Aubenas
Identite Martinique,Privas
Fréquence 7,Aubenas
France 3,Aubenas
Déclic,Tournon-sur-Rhône
RVM,Charleville-Mézières
Revin WebTV,Revin
RADIO 8,Sedan
La Semaine des Ardennes,Charleville-Mézières
L'Union,Charleville-Mézières
Fugi,Givet
France 3,Charleville-Mézieres
Bouton,Flize
Agri Ardennes,Charleville-Mézières
Transparence,Foix
Terres d'Ariège,Foix
RDC RAdio Couserans,Saint-Girons
Radio Transparence,Foix
Pyrénées FM,Montaillou
Pyrénées FM,Montaillou
Oxygène FM,Pamiers
Latitude FM,Pont-Sainte-Marie
La Télé buissonnière,Foix
La Locale,Saint-Girons
La Gazette Ariégeoise,Foix
La Dépêche du Midi,Pamiers
La Dépêche du Midi,Foix
France 3 Sud,Foix
Aube &amp; Seine,Romilly-sur-Seine
Theme,Saint-André-les-Vergers
Radio LATITUDE,Pont-Sainte-Marie
Latitude,Pont-Sainte-Marie
La revue agricole de l'Aube,Troyes
La dépêche de l'Aube,Troyes
L'Est-Éclair / Libération Champagne,Troyes
L'Est Eclair,Bar-sur-Seine
L'Est Eclair,Romilly-sur-Seine
L'Est Eclair,Troyes
France 3 Lorraine Champagne-Ardenne,Troyes
Canal 32,Saint-André-les-Vergers
Campus Troyes,Troyes
RCF Pays d'Aude,Carcassonne
Marseillette,Marseillette
Lenga D'Oc Narbona,Narbonne
Le Midi Libre,Carcassonne
Le Midi Libre,Narbonne
La Dépêche du Midi,Castelnaudary
La Dépêche du Midi,Narbonne
La Dépêche du Midi,Limoux
La Dépêche du Midi,Carcassonne
L'Indépendant,Lézignan-Corbières
L'Indépendant,Castelnaudary
L'Indépendant,Carcassonne
L'Indépendant,Limoux
L'Indépendant,Quillan
L'Indépendant,Narbonne
L'Indépendant,Port-la-Nouvelle
L'Echo du Languedoc,Narbonne
Grand Sud FM,Narbonne
France 3,Carcassonne
Famosa (femmes en Périgord),Carcassonne
Contact FM,Carcassonne
Ballade,Espéraza
Totem,Luc-la-Primaube
Temps Rodez,Rodez
Saint-Affrique,Saint-Affrique
Patrimòni,Alrance
Millavois,Millau
Le Progrès Saint Affricain,Saint-Affrique
Le Midi Libre,Rodez
Le Midi Libre,Millau
Le Midi Libre,Decazeville
Larzac,Millau
La Volonté Paysanne,Rodez
La Dépêche du Midi,Rodez
La Dépêche du Midi,Villefranche-de-Rouergue
La Dépêche du Midi,Decazeville
L'Hebdo,Rodez
L'Empaillé,Marcillac-Vallon
Journal de Millau,Millau
Gardarem Lo Larzac,La Roque-Sainte-Marguerite
France 3 Sud,Millau
France 3 Sud,Rodez
CFM Villefranche,Villefranche-de-Rouergue
Centre-Presse Aveyron,Rodez
Bulletin d'Espalion,Espalion
Aveyron Digital News (ADN),Saint-Affrique
Zibeline,Marseille
Zebuline,Marseille
Vivre Marseille,Marseille
United Radio,Marseille
Travaux Publics et Bâtiment du Midi,Marseille
Télé Mouche,Aubagne
Sortir (Marseille),Marseille
Soleil FM,Saint-Martin-de-Crau
Soleil,Marseille
Radio Grenouille,Marseille
Radio Camargue,Port-Saint-Louis-du-Rhône
Qui Vive,Marseille
Que Faire en Famile,Marseille
My Little Marseille,Marseille
Mistral Social Club (Web Radio),Salon-de-Provence
Massilia Magazine,Marseille
Marseille Infos autonomes,Marseille
Marseille Info,Marseille
Marsactu,Marseille
Maritima TV,Martigues
Maritima Marseille,Marseille
Maritima Etang de Berre,Martigues
Marcelle,Marseille
Maintenant,Marseille
Made in Marseille,Marseille
Le ventilo,Marseille
Le Régional,Salon-de-Provence
Le Ravi,Marseille
La Provence,Marignane
La Provence,Martigues
La Provence,Aubagne
La Provence,Istres
La Provence,Marseille
La Provence,La Ciotat
La Provence,Aix-en-Provence
La Provence,Salon-de-Provence
La Provence,Arles
La Provence,Vitrolles
La nuit Magazine,Marseille
La Marseillaise,Martigues
La Marseillaise,Marseille
La Liberté l'Homme de Bronze – le Commercial Provence,Arles
L'Essentiel Marseille,Marseille
L'Echo du Redon,Marseille
L'agriculteur provençal,Aix-en-Provence
Jm,Marseille
Iski,Marseille
Grenouille,Marseille
GoMet',Marseille
Gazelle,Marseille
Galère,Marseille
Fréquence Sud,Marseille
Fréquence Mistral,Marseille
France Bleu Provence,Aix-en-Provence
France 3 Provence-Alpes,Marseille
France 3,Arles
Fokus21,Marseille
Fatche 2,Marseille
Et Baam,Allauch
Diva FM,La Penne-sur-Huveaune
Dialogue RCF,Marseille
Dialogue R.C.M.,Marseille
Destimed,Marseille
Ciotat Fréquence Nautique,La Ciotat
Camargue,Port-Saint-Louis-du-Rhône
"Boulègue, la télévision participative du 3ème",Marseille
Bleu Tomate,Marseille
BFM Marseille Provence,Marseille
Banlieusard nouveau,Marseille
Aquò d'Aqui,Marseille
Anonymal TV,Aix-en-Provence
Airelles Vidéo,Aix-en-Provence
Actu Marseille,Marseille
3DFM,Arles
20 Minutes,Marseille
15-38 Méditerranée,Marseille
Ouest-France,Lisieux
Ouest-France,Trouville-sur-Mer
Le Pays d'Auge,Lisieux
L'Eveil de Lisieux,Lisieux
Totem,Aurillac
Scarlette Magazine,Aurillac
Radio Pays D'Aurillac,Aurillac
Le Réveil cantalien,Mauriac
Le Cantal Ouvrier et Paysan,Aurillac
La Voix du Cantal,Aurillac
La Montagne,Aurillac
La Montagne,Saint-Flour
La Dépêche d'Auvergne,Saint-Flour
L’union du Cantal,Aurillac
Jordanne FM,Aurillac
France 3 Rhone-Alpes Auvergne,Aurillac
SudCharente TV,Montmoreau
Sud-Ouest,Angoulême
Rhizome,Montbron
Rézonances TV,Angoulême
RCF Charente,Angoulême
Le Journal de Civray (Le Journal du Sud-Vienne),Ruffec
Le Confolentais,Ruffec
La vie Charentaise,Angoulême
La Charente Libre,Angoulême
L'avenir le Confolentais,Confolens
France 3 Nouvelle Aquitaine,Angoulême
Diffusion Charentaise,Angoulême
Courrier français de Charente,Angoulême
Attitude,Angoulême
Tintouin,Vierzon
Résonance -18,Bourges
RCF en Berry,Bourges
RCF en Berry,Bourges
Le Berry Républicain,Vierzon
Le Berry Républicain,Saint-Amand-Montrond
Le Berry Républicain,Aubigny-sur-Nère
Le Berry Républicain,Bourges
Le Berry Républicain,Aubigny-sur-Nère
Le Berry Républicain,Vierzon
Le Berry Républicain,Bourges
Le Berry Républicain,Saint-Amand-Montrond
La Voix du Sancerrois,Saint-Satur
L'information agricole du Cher,Saint-Doulchard
France 3,Bourges
Clash FM,Saint-Satur
Berry FM,Lignières
Vicomte,Meyssac
Totem,Brive-la-Gaillarde
RCF Corrèze,Ussel
Radio Pac,Arnac-Pompadour
Radio Pac,Arnac-Pompadour
Radio Grand Brive (Rgb),Objat
La Vie Corrézienne,Brive-la-Gaillarde
La Trousse Corrézienne,Tulle
La Montagne,Brive-la-Gaillarde
La Montagne,Ussel
La Montagne,Tulle
L'Union Paysanne,Tulle
L'Édition Périgord,Saint-Pantaléon-de-Larche
France 3 Nouvelle Aquitaine,Brive-la-Gaillarde
Corrèze Télévision,Uzerche
Breniges FM,Brive-la-Gaillarde
Bram'FM,Tulle
Bort Artense,Bort-les-Orgues
Actus Limousin,Saint-Angel
Sparse,Dijon
Shalom Dijon,Dijon
RCF en Bourgogne,Dijon
Monsieur en Bourgogne,Dijon
Le Journal du Palais de Bourgogne,Dijon
Le Journal du Palais,Dijon
Le Châtillonnais et l'Auxois,Châtillon-sur-Seine
Le Bien Public,Montbard
Le Bien Public,Beaune
Le Bien Public,Dijon
La Gazette Bourgogne,Dijon
L'inattendu,Ahuy
L'Auxois Libre,Semur-en-Auxois
K6FM,Dijon
Jondi,Dijon
Happy Bourgogne,Dijon
France Bleu Bourgogne,Dijon
France 3 Bourgogne Franche Comte,Dijon
Femmes en Bourgogne,Dijon
Dijoncter.info,Dijon
Dijon l'hebdo,Dijon
Dijon Capitale,Fontaine-lès-Dijon
Dijon Campus,Dijon
Dijon Beaune,Fontaine-lès-Dijon
Décideur,Dijon
Cultures Dijon,Dijon
Bourgogne Magazine,Fontaine-lès-Dijon
Auxois FM,Venarey-les-Laumes
AgriBourgogne,Bretenière
Vassivière,Royère-de-Vassivière
Télé Millevaches,Faux-la-Montagne
Radio Pays De Gueret,Guéret
La Montagne,Guéret
La Creuse Agricole,Guéret
IPNS,Faux-la-Montagne
France Bleu Creuse,Guéret
France 3 Nouvelle Aquitaine,Guéret
Zoom Radio,Grun-Bordas
Vallée Vezere (Terrasson),Terrasson-Lavilledieu
Vallée Vezere (Sarlat),Terrasson-Lavilledieu
Vallée De L'Isle (Rvi 101.4),Villefranche-de-Lonchat
Sud-Ouest,Périgueux
Sud-Ouest,Sarlat-la-Canéda
Réussir le Périgord,Périgueux
Radio Vallée Bergerac (R.V.B),Bergerac
Orion 87.6 - La Voix De La Vallée,Bergerac
Newest - Alpha 24,Villetoureix
Libres En Perigord (Rlp),Coulounieix-Chamiers
Liberte FM,Ribérac
Le Journal du Périgord Noir,Sarlat-la-Canéda
Le Démocrate Indépendant,Bergerac
L'Essor Sarladais,Sarlat-la-Canéda
Isabelle FM,Tocane-Saint-Apre
France Bleu Périgord,Périgueux
France 3 Nouvelle Aquitaine,Périgueux
Dordogne Libre,Périgueux
Cristal FM,Terrasson-Lavilledieu
Courrier français de Dordogne,Périgueux
Canal Pourpre,Bergerac
BIEN en Périgord,Champcevinel
B.95 (Radio Bergerac),Bergerac
Villages FM,Déservillers
Val De Morteau (Rvm),Morteau
Sud Besançon,Besançon
Shalom Besançon,Besançon
RCF Besançon Belfort,Besançon
Radio Campus Besançon (RCB),Besançon
Radio Bip,Besançon
PLEIN AIR,Doubs
P'tit Gibus FM,Valdahon
P'Tit Gibus,Pierrefontaine-les-Varans
Oméga,Audincourt
MaCommune.info,Besançon
La Terre de chez nous,Besançon
La Presse Pontissalienne,Morteau
La Presse du Doubs,Morteau
La Presse Bisontine,Morteau
L'Est Républicain,Pontarlier
L'Est Républicain,Montbéliard
L'Est Républicain,Besançon
France Bleu Besançon,Besançon
France 3 Franche-Comté,Besançon
France 3,Pontarlier
France 3,Montbéliard
Factuel,Besançon
Collège Villiers Le Lac,Villers-le-Lac
C'est à dire,Morteau
Bip,Besançon
Amitié,Grand-Charmont
Zig-Zag (Vallée Du Rhône),Beaufort-sur-Gervanne
Zig-Zag (Romans),Romans-sur-Isère
Soleil FM,Montélimar
Royans - A.C.C.R.,Saint-Jean-en-Royans
RDWA,Die
RCF Drôme,Valence
Radio Saint Ferréol,Crest
Radio Méga,Valence
Radio Là,Dieulefit
Radio BLV,Bourg-lès-Valence
Peuple Libre – Drôme hebdo,Valence
Montélimar News,Montélimar
Méga,Valence
M,Montélimar
Le Dauphiné Libéré,Crest
Le Dauphiné Libéré,Pierrelatte
Le Dauphiné Libéré,Romans-sur-Isère
Le Dauphiné Libéré,Montélimar
Le Dauphiné Libéré,Valence
Le Crestois,Crest
Le Bec,Crest
La Tribune de Pierrelatte,Pierrelatte
La Tribune de Montélimar,Montélimar
L'Impartial de la Drôme,Romans-sur-Isère
L'Hebdo de l'Ardèche – Terre Vivaroise,Valence
L'Echo Drôme Ardèche,Valence
L’Agriculture Drômoise,Bourg-lès-Valence
JOURNAL DU DIOIS ET DE LA DRÔME,Die
France Bleu Drôme Ardèche,Valence
France 3,Valence
Bourg Les Valence,Bourg Les Valence
A,Bourg-lès-Valence
Sensations Normandie,Bernay
RADIO CRISTAL,Évreux
Principe Actif,Évreux
Paris Normandie,Bernay
Paris Normandie,Évreux
Paris Normandie,Vernon
Paris Normandie,Louviers
Le Démocrate Vernonnais,Vernon
Le Courrier de l'Eure,Le Neubourg
La Dépêche de Louviers,Louviers
La Dépêche,Évreux
L'Impartial,Les Andelys
L'Eveil Normand,Bernay
L'Eveil de Pont Audemer,Pont-Audemer
L'Eure Agricole et Rurale,Guichainville
France 3 Normandie,Évreux
Eure Agricole,Guichainville
Espace Louviers(Normandie Picardie),Louviers
Espace Bernay,Louviers
27 actu,Évreux
Rtv 95.7,Dreux
Radio Intensité,Châteaudun
Le 28.TV,Chartres
L'écho Républicain,Dreux
L'écho Républicain,Châteaudun
L'écho Républicain,Chartres
L'écho Républicain,Nogent-le-Rotrou
L'Echo de Brou,Brou
L'Action L'Echo - édition Nogent,Nogent-le-Rotrou
Horizons Centre Ile-de-France,Chartres
Grand Ciel,Dreux
France 3 Paris Ile-De-France Centre,Chartres
Actu Chartres,Chartres
vià Occitanie Pays Gardois,Nîmes
TV Languedoc,Aspères
Totem,Alès
Télédraille,Tornac
Système,Vauvert
Raje Nîmes,Nîmes
Objectif Gard,Nîmes
Nimes Avé L Accent,Nîmes
Le Réveil du Midi,Nîmes
Le Républicain d'Uzès et du Gard,Uzès
Le Midi Libre,Bagnols-sur-Cèze
Le Midi Libre,Alès
Le Midi Libre,Beaucaire
Le Midi Libre,Villeneuve-lès-Avignon
Le Midi Libre,Nîmes
Le Commercial du Gard,Nîmes
La Gazette de Nîmes,Nîmes
L’Eko des Quartiers,Nîmes
Grille Ouverte,Alès
Fréquence Uzège,Uzès
France Bleu Gard Lozère,Nîmes
France 3,Nîmes
Escapades,Saint-Hippolyte-du-Fort
Ecclesia,Pont-Saint-Esprit
Delta FM Terre De Camargue,Aigues-Mortes
Alliance Plus,Nîmes
16,Bessèges
Voix du Midi Lauragais,Villefranche-de-Lauragais
Voix du Midi - Actu Toulouse,Toulouse
Voix du Gers,Toulouse
vià Occitanie Toulouse,Toulouse
TV Bruits,Toulouse
Toulouse7,Toulouse
Toulouse Infos,Toulouse
Toulouse FM,Toulouse
ToulEmploi,Toulouse
ToulÉco Tarn,Toulouse
ToulÉco Green,Toulouse
ToulÉco,Toulouse
Ter,Toulouse
Sortir (Toulouse),Toulouse
Reynerie TV,Toulouse
Reynerie Miroir,Toulouse
Résonance sonore,Toulouse
RADYONNE,Cierp Gaud
Radio,Toulouse
Présence Toulouse,Toulouse
Présence Pyrénées,Saint-Gaudens
Pireneus,Cierp-Gaud
Occitanie,Toulouse
Muret,Muret
Mon Pais,Toulouse
Melles 750,Melles
Médiacités Toulouse,Toulouse
Le trait d'union paysan,Toulouse
Le Journal Toulousain,Toulouse
Le Journal des entreprises,Labège
Le Journal de Saint-Palais et de Basse-Navarre,Saint-Orens-de-Gameville
Le Bon Mix,Toulouse
La Lettre M,Toulouse
La Gazette du Midi,Toulouse
La Dépêche du Midi,Muret
La Dépêche du Midi,Revel
La Dépêche du Midi,Saint-Gaudens
La Dépêche du Midi,Toulouse
L'Essentiel Toulouse,Toulouse
L’Echo du Tarn,Toulouse
IAATA,Toulouse
Galaxie,Rieux-Volvestre
France Bleu Occitanie,Toulouse
France 3 Midi-Pyrénées,Toulouse
FMr -31,Toulouse
De La Save,Lévignac
Côté Toulouse,Toulouse
Communauté Kol Aviv,Toulouse
Chouf Tolosa,Toulouse
Canal Sud,Toulouse
Campus Toulouse,Toulouse
Boudu Toulouse,Toulouse
Boudu,Toulouse
Booster - Belle Musique,Toulouse
Axe Sud,Muret
Altitude FM,Blagnac
Actu Rugby,Toulouse
20 Minutes,Toulouse
Ruchemania,Pavie
Revue Pyrénéenne,Auch
Le Canard Gascon,Lectoure
La Dépêche du Midi,Auch
La Dépêche du Midi,Condom
Hit FM 32,Auch
Gascogne FM,Auch
Fil De L'Eau,L'Isle-Jourdain
Distortion,L'Isle-Bouzon
DFM 930,Castéra-Verduzan
Coteaux,Saint-Blancard
Canal Bastide,Sainte-Foy-la-Grande
vià Occitanie Montpellier,Montpellier
Tout Montpellier,Montpellier
Sans Transition ! Occitanie,Montpellier
Salvetat Peinard,La Salvetat-sur-Agout
RTS (Radio Thau Sète),Sète
RCF Maguelone Hérault,Montpellier
Radio Pays D'Hérault Sud,Montagnac
Radio Pays D'Hérault,Saint-André-de-Sangonis
Radio One,Juvignac
Paysan du Midi,Saint-Jean-de-Védas
Montpellier City Crunch,Montpellier
Metropolitain,Pérols
Lokko,Montpellier
Lodeve,Lodève
Lenga D'Oc Montpellier,Montpellier
Le Pressoir,Montpellier
Le Poing,Montpellier
Le Midi Libre,Lunel
Le Midi Libre,Montpellier
Le Midi Libre,Agde
Le Midi Libre,Lodève
Le Midi Libre,Béziers
Le Midi Libre,Sète
Le Midi Libre,Saint-Jean-de-Védas
Le d'Oc,Montpellier
La Semaine du Minervois,Olonzac
La Pieuvre du Midi,Béziers
La Marseillaise,Montpellier
La gazette de Sète,Sète
L'Essentiel Montpellier,Montpellier
L'Espace Alpin,Lattes
L'Eko,Montpellier
L'Agglorieuse,Montpellier
L'Agglorieuse,Montpellier
Kaina TV,Montpellier
Grizette,Montpellier
France Bleu Hérault,Montpellier
France 3 Languedoc-Roussillon,Montpellier
France 3,Vendargues
FM Plus Montpellier,Montpellier
En vie à Beziers,Béziers
En pays varois,Saint-Jean-de-Védas
Divergence FM,Montpellier
Dis-leur,Sète
Clapas,Montpellier
Claap,Castelnau-le-Lez
Ciel Bleu,Thézan-lès-Béziers
Campus Montpellier,Montpellier
Busk,Montpellier
Aviva,Montpellier
Agglo TV,Mudaison
1987,Montpellier
La Nouvelle République du Centre-Ouest,Le Blanc
La Nouvelle République du Centre-Ouest,Issoudun
La Nouvelle République du Centre-Ouest,Châteauroux
La Bouinote,Châteauroux
L'Echo du Berry,La Châtre
France Bleu Berry,Châteauroux
France 3,Châteauroux
Dynamo,Le Blanc
BIP TV,Issoudun
Balistiq,Châteauroux
TV Tours Val-de-Loire,Tours
TMV,Tours
Terre de Touraine,Chambray-lès-Tours
RCF Touraine,Tours
Le vin ligérien,Tours
La Rotative,Tours
La Renaissance Lochoise,Loches
La Nouvelle République du Centre-Ouest,Amboise
La Nouvelle République du Centre-Ouest,Chinon
La Nouvelle République du Centre-Ouest,Loches
La Nouvelle République du Centre-Ouest,Tours
La lettre Valloire,Beaulieu-lès-Loches
Info Tours,Tours
Génération FM,Joué-lès-Tours
Fréquence Luynes,Luynes
France Bleu Touraine,Tours
France 3,Tours
Citéradio,Tours
Citeradio,Tours
Campus Tours,Tours
Béton,Tours
Antenne Portugaise,Ballan-Miré
Active,Amboise
Active,Montlouis-sur-Loire
37 degrés,Tours
Vibe(s) magazine,Grenoble
Terre Dauphinoise,Moirans
Télégrenoble,Grenoble
Spot (Grenoble),Grenoble
Rue Haute,Voiron
RCF Isère,Grenoble
Radio Passion,Vaulnaveys-le-Haut
Radio Kaléidoscope (RKS 97),Grenoble
Radio Gresivaudan,Crolles
Radio Fontaine,Fontaine
Radio Dragon,Mens
Radio Campus Grenoble,Saint-Martin-d'Hères
Place Gre'Net,Grenoble
Pixel FM,Montalieu-Vercieu
Phare FM Grenoble,Grenoble
Phare FM Dauphiné,La Verpillière
Oxygene Vercors,Corrençon-en-Vercors
Oxygène Oisans,Le Bourg-d'Oisans
Nord Isère,Saint-Marcellin
Millenium,Jarrie
Max FM,Eybens
Les Mondaines,Grenoble
Les Antennes,Grenoble
Les Affiches de Grenoble et du Dauphiné,Grenoble
Le Sport Dauphinois,Beaucroissant
le Postillon,Fontaine
Le Mémo de l'Isère,Grenoble
Le journal MINIZOU,Jarrie
Le Dauphiné Libéré,La Tour-du-Pin
Le Dauphiné Libéré,Voiron
Le Dauphiné Libéré,Vienne
Le Dauphiné Libéré,Bourgoin-Jallieu
Le Dauphiné Libéré,Veurey-Voroize
Le Crieur de la Villeneuve,Grenoble
Le Courrier Liberté,Bourgoin-Jallieu
La Vie Nouvelle,Grenoble
La Gazette de Vaulnaveys,Vaulnaveys-le-Haut
L'Essor Isère,Vienne
L'Averty,Grenoble
L'Allier Agricole,Grenoble
Italienne De Grenoble,Grenoble
Italienne À Chambéry,Grenoble
IFM,Eybens
IF Saint-Etienne,Saint-Marcellin
Gresivaudan,Crolles
Grenoble City Crunch,Grenoble
France Bleu Isère,Grenoble
France 3 Alpes,La Tronche
CRIC-Grenoble,Grenoble
Couleurs FM,Bourgoin-Jallieu
Couleurs FM,Bourgoin-Jallieu
Couleur Chartreuse,Saint-Laurent-du-Pont
Campus Grenoble,Saint-Martin-d'Hères
Cactus 38,Saint-Marcellin
C'Rock,Vienne
100 Kol Hachalom,Grenoble
RCF Jura,Dole
Le Progrès,Champagnole
Le Progrès,Saint-Claude
Le Progrès,Dole
Le Progrès,Lons-le-Saunier
Le Jura Agricole et Rural,Lons-le-Saunier
La Voix du Jura,Lons-le-Saunier
L'Hebdo du Haut-Jura,Saint-Claude
Jurawebtv.com,Foncine-le-Haut
Hebdo 39,Lons-le-Saunier
Fréquence Plus,Dole
France 3 Bourgogne Franche-Comte,Lons-le-Saunier
La Voix De L'Armagnac,Gabarret
Sweet FM,Blois
Studio Zef,Blois
RCF Loir-et-Cher,Blois
MEDIANAWPLUS,Blois
Le Petit Vendômois,Vendôme
Le petit Solognot,Romorantin-Lanthenay
La Renaissance du Loir et Cher,Blois
La Nouvelle République du Centre-Ouest,Vendôme
La Nouvelle République du Centre-Ouest,Romorantin-Lanthenay
La Nouvelle République du Centre-Ouest,Blois
France 3,Blois
TL7 (Télévision Loire 7),Saint-Genest-Lerpt
Soleil Saint-Étienne,Saint-Étienne
RCF Saint-Étienne,Saint-Étienne
Radio Pytagor,Balbigny
Radio Ondaine,Firminy
Radio Dio,Saint-Étienne
Paysans de la Loire,Saint-Priest-en-Jarez
Numéro Zéro,Saint-Étienne
Loire Football,Saint-Étienne
Loire FM,Saint-Étienne
Le Progrès,Saint-Étienne
Le Progrès,Andrézieux-Bouthéon
Le Progrès,Firminy
Le Progrès,Saint-Chamond
Le Progrès,Montbrison
Le Progrès,Roanne
Le Progrès,Saint-Étienne
Le Pays Roannais,Roanne
Le Journal des entreprises,Saint-Étienne
La Pie du Pilat,Pélussin
L'Essor Affiches Loire,Saint-Étienne
France Bleu Saint-Etienne Loire,Saint-Étienne
France 3,Saint-Étienne
Espérance -42,Saint-Étienne
D'Ici / Piraillon,Saint-Julien-Molin-Molette
Couac,Saint-Étienne
Activ Radio,Saint-Étienne
42 Info,Saint-Étienne
Zoomdici,Le Puy-en-Velay
TéLé Regain,Brioude
Strada,Queyrières
RCF Haute-Loire,Le Puy-en-Velay
Radio FM 43,Yssingeaux
Le Progrès,Yssingeaux
LDV TV,Monistrol-sur-Loire
La Ruche,Brioude
La Montagne,Le Puy-en-Velay
La Montagne,Brioude
La Lorgnette,Le Monastier-sur-Gazeille
L'Eveil Hebdo,Le Puy-en-Velay
L'Eveil Hebdo,Le Puy-en-Velay
L'éveil de la Haute Loire,Monistrol-sur-Loire
Haute-Loire Football,Espaly-Saint-Marcel
France 3,Le Puy-en-Velay
Craponne,Craponne-sur-Arzon
Vibration,Orléans
RCF Loiret,Orléans
Radio Vag,Artenay
Radio Arc-En-Ciel,Fleury-les-Aubrais
Publi45,Orléans
Pour info à Orléans,Orléans
Orléans TV,Boigny-sur-Bionne
Orléans Capitale,Orléans
Méga FM,Châteauneuf-sur-Loire
Mag’Centre,Orléans
Le Loiret Agricole,Orléans
Le journal de la Sologne,Meung-sur-Loire
Le Journal de Gien,Gien
Le Courrier du Loiret,Pithiviers
La Tribune Hebdo de Tours,Olivet
La Tribune Hebdo d'Orléans,Olivet
La république du Centre,Montargis
La république du Centre,Pithiviers
La république du Centre,Gien
La république du Centre,Orléans
La Gâtinaise,Montargis
L'Eclaireur du Gâtinais,Montargis
France Bleu Orléans,Orléans
France 3 Centre-Val de Loire,Orléans
France 3,Montargis
Edith,Orléans
Connexion FM,Courtenay
Chalette (C2L),Châlette-sur-Loing
Campus Orléans,Orléans
Apostrophe45,Orléans
Actu Orléans,Orléans
Présence Lot,Cahors
Medialot,Cahors
Les actualités locales au cinéma,Reilhaguet
La Vie Quercynoise,Cahors
La Dépêche du Midi,Cahors
La Dépêche du Midi,Figeac
La Dépêche du Midi,Cahors
La Défense Paysanne du Lot,Cahors
France 3 Sud,Cahors
DireLot,Cahors
Décibel FM,Biars-sur-Cère
Antenne D'Oc Cahors,Cahors
Antenne D'Oc,Porte-du-Quercy
Sud-Ouest,Tonneins
Sud-Ouest,Marmande
Sud-Ouest,Agen
Sud-Ouest,Villeneuve-sur-Lot
Quidam Hebdo,Agen
Le Républicain Lot et Garonne,Marmande
le Petit Bleu d'Agen,Agen
La Feuille,Villeneuve-sur-Lot
La Dépêche du Midi,Nérac
La Dépêche du Midi,Villeneuve-sur-Lot
La Dépêche du Midi,Agen
France 3 Nouvelle Aquitaine,Estillac
Espoir FM,Colayrac-Saint-Cirq
Courrier français du Lot-et-Garonne,Agen
Castel FM (C.F.M.),Casteljaloux
Bulle,Agen
Aquitaine Radio Diffusion Ard,Marmande
Albret FM,Nérac
47 FM,Agen
4 Ou Radio 4 Cantons,Villeréal
Totem,Mende
RCF Lozères,Mende
Radio Zema,Saint-Chély-d'Apcher
Radio Margeride,Termes
Radio Inter-Val,Saint-Martin-de-Boubaux
Radio Bartas,Florac Trois Rivières
Radio Bartas,Mende
Le Réveil Lozère,Mende
Le Midi Libre,Mende
La Lozère Nouvelle,Mende
France 3,Mende
Eaux Vives Lozère,Mende
Rps FM Parcay Stereo,Noyant-Villages
Reims Medias Libres,Reims
Reims Good News,Reims
RCF Reims-Ardennes,Reims
RCF Coeur de Champagne,Châlons-en-Champagne
Radio Mau-Nau,Châlons-en-Champagne
Primitive,Reims
LES PETITES AFFICHES MATOT BRAINE,Reims
La Marne Viticole,Reims
La Marne Agricole,Reims
La Marne Agricole,Reims
La Champagne viticole,Épernay
L'Union,Châlons-en-Champagne
L'Union,Reims
L'hebdo du vendredi,Reims
L'Ardennais - L'Union,Épernay
Jeunes Reims,Reims
Happy FM,Reims
Graffiti'S -51,Fismes
France Bleu Champagne Ardenne,Bétheniville
France 3 Champagne-Ardenne,Reims
Cigale FM,Tinqueux
Champagne FM,Reims
Bulle FM,Épernay
RCF Hauts de France,Saint-Dizier
Puissance TV,Saint-Dizier
Le Journal de la Haute-Marne,Langres
Le Journal de la Haute-Marne,Saint-Dizier
Le Journal de la Haute-Marne,Chaumont
La Voix de la Haute Marne,Chaumont
L'Avenir Agricole et Rurale de Haute-Marne,Chaumont
L'Affranchi de Chaumont,Chaumont
jhm,Chaumont
France 3 Lorraine Champagne Ardenne,Chaumont
Active Radio,Joinville
Rupt-De-Mad (Rdm),Thiaucourt-Regniéville
RCM,Thiaville-sur-Meurthe
RCF Lorraine Nancy,Villers-lès-Nancy
Radio Déclic,Villey-le-Sec
Radio Campus Lorraine,Nancy
Lorraine Actu Nancy,Nancy
LOR’FM,Cosnes-et-Romain
Les Tablettes Lorraines,Vandœuvre-lès-Nancy
Le Républicain Lorrain,Jarny
Le Républicain Lorrain,Longwy
Le Républicain Lorrain,Val de Briey
Le Républicain Lorrain,Houdemont
Le Paysan Lorrain,Laxou
Le Nouveau Jour J,Nancy
La Semaine de Nancy,Nancy
La Gazette Lorraine,Villers-lès-Nancy
La Fourmilière,Vandœuvre-lès-Nancy
L'Est Républicain,Toul
L'Est Républicain,Lunéville
L'Est Républicain,Pont-à-Mousson
L'Est Républicain,Nancy
Journal Tête de noeud,Nancy
Graffiti,Nancy
France Bleu Sud Lorraine,Nancy
France 3 Lorraine,Vandœuvre-lès-Nancy
"Fajet 94,2 FM Nancy",Nancy
Caraïb Nancy,Nancy
Canal Myrtille,Thiaville-sur-Meurthe
Aria,Longwy
Actu Nancy,Nancy
Activités -54,Pont-à-Mousson
RCF Lorraine Meuse,Verdun
Meuse FM Verdun,Thierville-sur-Meuse
Meuse FM,Verdun
Meuse Echos,Verdun
La Vie Agricole de la Meuse,Verdun
L'Est Républicain,Verdun
L'Est Républicain,Bar-le-Duc
Kit FM,Verdun
France 3 Lorraine Champagne-Ardenne,Bar-le-Duc
vià Mirabelle,Woippy
TV8 Moselle-Est,Forbach
TOUT-METZ,Metz
Thi'Journal,Thionville
THI Journal,Thionville
St Nabor,Saint-Avold
Rombas Télévision,Rombas
RCF Jerico Moselle,Metz
Radio Studio 1,Bitche
Radio Mélodie,Sarreguemines
Radio Mélodie,Sarreguemines
Radio Jérico,Metz
Peltre Loisir,Peltre
Mpt-woippy.tv,Woippy
Moselle Sport,Valmont
Mosaïk - Cristal,Bitche
Mosaïk - Cristal,Sarreguemines
Lorraine Actu,Metz
Loreina TV,Nilvange
Les voix de la Fensch,Nilvange
Le Républicain Lorrain,Bouzonville
Le Républicain Lorrain,Bitche
Le Républicain Lorrain,Woippy
Le Républicain Lorrain,Hayange
Le Républicain Lorrain,Sarreguemines
Le Républicain Lorrain,Forbach
Le Républicain Lorrain,Sarrebourg
Le Républicain Lorrain,Saint-Avold
Le Républicain Lorrain,Thionville
Le Républicain Lorrain,Metz
Le Journal des entreprises,Metz
La Semaine Metz Thionville Moselle,Metz
La Moselle Agricole,Metz
La Gazette Moselle,Metz
France Bleu Lorraine Nord,Metz
France 3 Lorraine Champagne-Ardenne,Sarreguemines
France 3,Metz
ENESTV,Creutzwald
Enes TV,Creutzwald
Direct FM,Metz
Cristal,Bitche
Borny Buzz,Metz
Sud Nivernais Radio,Decize
RCF Nièvre,Nevers
RCF Calvados-Manche,Nevers
RADIO N°1,Cosne-Cours-sur-Loire
Nevers,Coulanges-lès-Nevers
Le Régional de Cosne et du Charitois,Cosne-Cours-sur-Loire
Le Journal du Centre,Decize
Le Journal du Centre,Nevers
Le Journal du Centre,Clamecy
Koikispass,Nevers
Frequence Morvan Force 5 (Château-Chinon (Ville)),Inconnue
France 3 Bourgogne Franche-Comte,Nevers
Flotteurs FM,Clamecy
Fdl En Bourgogne,Luzy
Clamecy TV,Clamecy
Bac FM,Nevers
Wéo Picardie,Lille
Wéo Nord Pas-de-calais,Lille
Valenciennois.info,Valenciennes
Uylenspiegel,Cassel
To (Témoins Sur Les Ondes),Lille
Terres et Territoires,Lille
Sortir (Lille),Lille
RPL Radio,Lambersart
Radio Condé Macou,Condé-sur-l'Escaut
Radio Cité Vauban (RCV99FM),Lille
R.P.L 99FM,Lambersart
Quintessence Magazine,Wasquehal
Playloud,Lys-lez-Lannoy
Pépère News,Lille
Pastel FM,Roubaix
NordSports Mag,Wavrin
Nord Littoral,Hazebrouck
Nord Littoral,Dunkerque
Nord éclair,Lille
Mona FM,Armentières
METROPOLYS,Villeneuve-d'Ascq
Meet FM,Dunkerque
Médiacités Lille,Lille
Lille City Crunch,Lille
Liberté Hebdo,Lille
Le Phare Dunkerquois,Dunkerque
Le média autrement,Roubaix
Le Journal des Flandres,Dunkerque
Le Journal des entreprises,Villeneuve-d'Ascq
Le Courrier de Fourmies,Fourmies
Le blog2roubaix,Roubaix
La Voix du Nord,Lambersart
La Voix du Nord,Seclin
La Voix du Nord,Denain
La Voix du Nord,Hazebrouck
La Voix du Nord,Cambrai
La Voix du Nord,Cambrai
La Voix du Nord,Douai
La Voix du Nord,Dunkerque
La Voix du Nord,Roubaix
La Voix du Nord,Maubeuge
La Voix du Nord,Maubeuge
La Voix du Nord,Villeneuve-d'Ascq
La Voix du Nord,Villeneuve-d'Ascq
La Voix du Nord,Valenciennes
La Voix du Nord,Armentières
La Voix du Nord,Lille
La Sambre – la Frontière,Maubeuge
La Gazette Picardie,Lille
La Gazette Nord-Pas-de-Calais,Lille
La Brique,Lille
L'Observateur du Valenciennois,Valenciennes
L'Observateur du Douesis,Douai
L'Observateur du Cambrésis,Cambrai
L'Observateur de l'Avesnois,Avesnelles
L'Indicateur des Flandres,Hazebrouck
Galaxie,Wattrelos
France Bleu Nord,Lille
France 3 Nord Pas-de-Calais,Lille
France 3,Valenciennes
France 3,Lille
France 3,Dunkerque
Flandres Télévision,Bailleul
Echo FM,Anor
Delta FM,Gravelines
Dailynord,Bailleul
Croix du Nord - Lille Actu,Lille
Contact FM,Lille
Contact FM,Lille
CN'O,Valenciennes
Club,Wallers
Canal Gambsheim,Le Cateau-Cambrésis
Canal FM,Aulnoye-Aymeries
Campus Lille,Villeneuve-d'Ascq
Boomerang,Roubaix
BLC,Caudry
BFM Grand Lille / Grand Littoral,Villeneuve-d'Ascq
Beffroi Vision,Le Cateau-Cambrésis
Association synthoise pour la télévision locale / ASTV,Grande-Synthe
20 Minutes,Lille
Viv'FM,Noyon
Radio Valois Multien (R.V.M.),Betz
Puisaleine,Carlepont
Oise Hebdo,Beauvais
Oise Hebdo,Compiègne
Oise Hebdo,Compiègne
Oise Hebdo,Montataire
Nogent TV,Nogent-sur-Oise
Mercure,Beauvais
Le Parisien,Beauvais
Le Parisien,Creil
Le Parisien,Compiègne
Le Courrier Picard,Compiègne
Le Courrier Picard,Clermont
Le Courrier Picard,Beauvais
Le Courrier Picard,Noyon
Le Bonhomme Picard,Grandvilliers
La Gazette Oise,Beauvais
L'Oise Agricole,Beauvais
L'Observateur de Beauvais,Beauvais
L'essentiel Lille,Lille
L'Echo du Thelle,Méru
Hapyness Amiens,Hermes
Graf'Hit,Compiègne
France 3 Nord Pas-De-Calais Picardi,Beauvais
Evasion Oise,Saint-Maximin
Actu Oise,Beauvais
Tendance Ouest,Alençon
RCF Orne,Alençon
Pulse,Alençon
Ouest-France,Alençon
Normandie Passion,La Ferté-en-Ouche
Le Réveil Normand,L'Aigle
Le Perche,Mortagne-au-Perche
L’Orne Hebdo,Alençon
Kolectiv’,L'Aigle
France 3,Alençon
Transat FM,Outreau
TaVille TaVie,Vallauris
RADIO PLUS COMUNIC,Douvrin
Radio Plus,Douvrin
Radio 6,Calais
RADIO 6,Calais
Planète FM,Arras
PFM,Arras
Nord Littoral,Calais
Nord Littoral,Arras
Nord Littoral,Cucq
Nord Littoral,Béthune
Nord Littoral,Aire-sur-la-Lys
Micros Rebelles,Liévin
Les Echos du Touquet,Cucq
Le Réveil de Berck,Cucq
Le Journal de Montreuil,Cucq
Le Gobelin du Ternois,Saint-Pol-sur-Ternoise
La Voix du Nord,Bruay-la-Buissière
La Voix du Nord,Saint-Omer
La Voix du Nord,Boulogne-sur-Mer
La Voix du Nord,Saint-Omer
La Voix du Nord,Béthune
La Voix du Nord,Hénin-Beaumont
La Semaine dans le Boulonnais,Boulogne-sur-Mer
L’Observateur de l’Arrageois,Arras
L’Indépendant du Pas de Calais,Longuenesse
L’Echo de la Lys,Aire-sur-la-Lys
L’Avenir de l’Artois,Béthune
L’Abeille de la Ternoise,Saint-Pol-sur-Ternoise
ILTV,Oignies
Horizon Actu,Béthune
Horizon,Béthune
France 3 Nord Pas- De-Calais,Boulogne-sur-Mer
France 3 Nord Pas De Calais Picardie,Arras
Douaisis.info,Arras
Calais Detroit,Calais
Billy-Montigny,Billy-Montigny
Banquise FM,Isbergues
Arrageois.info,Arras
Web TV Livradois-Forez,Thiers
Variance FM,Puy-Guillaume
Tikographie,Clermont-Ferrand
RCF Puy de Dôme,Clermont-Ferrand
Radio RVA,Ambert
Radio Arverne,Gerzat
Pays du Limousin,Clermont-Ferrand
Mediacoop,Royat
Logos FM,Chamalières
Les Petites Affiches d'Auvergne et du Centre Réunis,Clermont-Ferrand
Le trou des combrailles,Vergheas
Le Semeur Hebdo,Aubière
Le Connecteur,Clermont-Ferrand
La Montagne,Clermont-Ferrand
La Montagne,Issoire
La Montagne,Thiers
La Haute Loire Paysanne,Aubière
La Gazette de Thiers et Ambert,Thiers
La Galipote,Vertaizon
La Cathode,Aubière
L’Union Paysanne,Aubière
L'Onde Porteuse,Clermont-Ferrand
France Bleu Pays d’Auvergne,Clermont-Ferrand
France 3 Auvergne,Chamalières
Campus -63,Clermont-Ferrand
Auvernha,Clermont-Ferrand
Auvergne Agricole,Aubière
Altitude -63,Clermont-Ferrand
7 jours à Clermont,Clermont-Ferrand
L'Essentiel Clermont-Ferrand,Clermont-Ferrand
Les Nouvelles de Bigorre,Tarbes
La Semaine des Pyrénées,Tarbes
La Nouvelle République des Pyrénées,Tarbes
La Nouvelle République des Pyrénées,Lannemezan
La Montagne des Hautes-Pyrénées,Bagnères-de-Bigorre
La Dépêche du Midi,Tarbes
La Dépêche du Midi,Tarbes
France 3 Sud,Tarbes
Atomic Radio,Loures-Barousse
vià Occitanie Pays Calatan,Perpignan
TV CAT,Thuir
Résonances – le Conflent à nos oreilles,Prades
Real TV 66,Perpignan
PARJAL,Perpignan
MIP (Made in Perpignan),Perpignan
Littoral FM,Perpignan
Le Travailleur Catalan,Perpignan
le Journal Catalan,Thuir
La semaine du Roussillon,Perpignan
L'Indépendant,Prades
L'Indépendant,Céret
L'Indépendant,Argelès-sur-Mer
L'Indépendant,Perpignan
L'Agri,Toulouges
France Bleu Roussillon,Perpignan
France 3,Perpignan
FM Évangile 66,Perpignan
Fiesta,Perpignan
Culturae Magazine,Perpignan
Arrels,Perpignan
Actu Perpignan,Perpignan
Vu par ici,Westhoffen
Vu par ici,Westhoffen
TV3V,Reichshoffen
TV GIC Bouquenom,Sarre-Union
Top Music,Sélestat
Top Music,Strasbourg
TLVA / TV2COM,Sélestat
Tchapp,Strasbourg
StrasTV,Strasbourg
Rue89 Strasbourg,Strasbourg
RCF Alsace,Strasbourg
RCB,Schirmeck
RBS,Strasbourg
RADIO LIBERTÉ,Haguenau
Radio Judaica Strasbourg,Strasbourg
Radio Iris,Ostwald
Radio En Construction,Strasbourg
Radio Bienvenue Strasbourg,Strasbourg
Poly,Strasbourg
Pokaa,Strasbourg
Mix,Strasbourg
Les défricheurs News,Strasbourg
Le Républicain Lorrain,Strasbourg
La feuille de Chou,Strasbourg
L'Essentiel Strasbourg,Strasbourg
L’Ami du Peuple Hebdo,Strasbourg
L'Ami des Foyers Chrétiens Hebdo,Strasbourg
L'Alsace,Strasbourg
L'Alsace,Sélestat
Hebdi,La Wantzenau
Fréquence Verte,Wiwersheim
France Bleu Alsace,Strasbourg
France 3 Alsace,Strasbourg
Est Agricole,Schiltigheim
Direct Racing,Sélestat
Dernières Nouvelles d'Alsace (DNA),Schiltigheim
Dernières Nouvelles d'Alsace (DNA),Schirmeck
Dernières Nouvelles d'Alsace (DNA),Obernai
Dernières Nouvelles d'Alsace (DNA),Wissembourg
Dernières Nouvelles d'Alsace (DNA),Molsheim
Dernières Nouvelles d'Alsace (DNA),Saverne
Dernières Nouvelles d'Alsace (DNA),Sélestat
Dernières Nouvelles d'Alsace (DNA),Haguenau
Coze,Strasbourg
Canal Schilick,Schiltigheim
Canal Est - Télévisions locales d'Alsace,Ottrott
BFM Alsace,Strasbourg
Azur FM,Sélestat
Arc En Ciel -67,Ostwald
Alsa'Sports,Sélestat
Actu Strasbourg,Strasbourg
Actu Strasbourg,Strasbourg
Accent 4,Strasbourg
20 Minutes,Strasbourg
TV Biesheim,Biesheim
Radio Quetsch,Altkirch
Radio MNE,Mulhouse
Radio ECN,Mulhouse
Radio Dreyeckland,Mulhouse
Phare FM,Mulhouse
Paysan du Haut-Rhin,Sainte-Croix-en-Plaine
L’Alterpresse68,Sausheim
L'Alsace,Thann
L'Alsace,Guebwiller
L'Alsace,Saint-Louis
L'Alsace,Altkirch
L'Alsace,Colmar
L'Alsace,Mulhouse
JDS,Mulhouse
France 3 Alsace,Mulhouse
Flor FM,Soultz-Haut-Rhin
Dreyeckland Libre,Colmar
Dernières Nouvelles d'Alsace (DNA),Altkirch
Dernières Nouvelles d'Alsace (DNA),Sainte-Marie-aux-Mines
Dernières Nouvelles d'Alsace (DNA),Mulhouse
Dernières Nouvelles d'Alsace (DNA),Colmar
Vivre villes,Champagne-au-Mont-d'Or
Val De Reins,Amplepuis
Tribune de Lyon,Lyon
Tout-Lyon Essor Rhône,Lyon
Tout va bien (TVB),Lyon
Tonic Radio,Lyon
This is Lyon,Lyon
Sortir (Lyon),Lyon
Sol FM,Oullins-Pierre-Bénite
Salam,Villeurbanne
Rue89Lyon,Lyon
Réveil,Lyon
Rebellyon.info,Lyon
RCT,Villeurbanne
RCF Lyon,Lyon
Radio Scoop,Saint-Cyr-au-Mont-d'Or
Radio MODUL,Souzy
Radio Espace,Lyon
Radio Canut,Lyon
RADIO CALADE,Gleizé
Radio Arménie,Décines-Charpieu
Pluriel FM,Saint-Priest
OUR(S),Lyon
Nouveau Lyon,Villeurbanne
My Little Lyon,Lyon
Médiacités Lyon,Lyon
Mag2Savoies,Lyon
Mag2Lyon,Lyon
Mag2Auvergne,Lyon
Mâchon pas les mots,Lyon
LYonenFrance,Lyon
Lyon People,Lyon
Lyon Mag,Lyon
Lyon Family Crunch,Lyon
Lyon Entreprises,Lyon
Lyon Demain,Lyon
Lyon Décideurs,Lyon
Lyon Décideurs,Lyon
Lyon City Crunch,Lyon
Lyon Capitale TV,Lyon
Lyon Capitale,Lyon
Lyon Bondy Blog,Lyon
LYON 1ERE,Lyon
LYFE,Lyon
Les potins d'Angèle,Lyon
Les Enfants du Rhône,Lyon
Le Progrès,Saint-Genis-Laval
Le Progrès,Villeurbanne
Le Progrès,Chassieu
Le Progrès,Tarare
Le Progrès,Villefranche-sur-Saône
Le Progrès,Bron
Le Progrès,Tassin-la-Demi-Lune
Le Progrès,Lyon
Le petit Bulletin (Lyon),Lyon
Le Pays d'entre Loire et Rhône,Tarare
Le Patriote Beaujolais,Villefranche-sur-Saône
Le Libero Lyon,Lyon
Le Journal des entreprises,Lyon
La Tribune,Lyon
La Ficelle,Lyon
L’Information Agricole du Rhône,La Tour-de-Salvagny
L'essentiel Lyon,Lyon
L’Arrière-Cour,Lyon
Judaica Lyon,Lyon
Italienne De Lyon Et Du Rhône,Lyon
Hétéroclite,Lyon
Grains de Sel,Lyon
Grains de Sel,Lyon
France 3 Rhône-Alpes,Lyon
Exit MAg,Lyon
Ensemble,Lyon
Échanges,Lyon
Capsao,Lyon
Calade,Villefranche-sur-Saône
Brume,Lyon
Bref Eco,Lyon
BFM Lyon,Lyon
Agir à Lyon,Lyon
Actu Saint-Etienne,Lyon
Actu Lyon,Lyon
Actu Grenoble,Lyon
20 Minutes,Lyon
Vintage,Vaivre-et-Montoille
Radio Stars,Vesoul
Les Affiches de la Haute Saône,Lure
La Presse de Vesoul,Vesoul
La Presse de Gray,Gray
La Haute-Saône Agricole,Vesoul
L'Est Républicain,Lure
L'Est Républicain,Vesoul
Fréquence Amitié Vesoul,Vesoul
France 3 Bourgogne Franche Comte,Vesoul
Clermont Infos 63,Vesoul
Vents du Morvan,Anost
Tonic FM,Chalon-sur-Saône
Swing,Autun
Radio Bresse,Branges
Prévert,Chalon-sur-Saône
Montceau News,Gourdon
Macon Infos,Crêches-sur-Saône
Le Journal de Saone et Loire,Gueugnon
Le Journal de Saone et Loire,Châtenoy-le-Royal
Le Journal de Saone et Loire,Tournus
Le Journal de Saone et Loire,Montceau-les-Mines
Le Journal de Saone et Loire,Autun
Le Journal de Saone et Loire,Louhans
Le Journal de Saone et Loire,Le Creusot
Le Journal de Saone et Loire,Paray-le-Monial
Le Journal de Saone et Loire,Mâcon
Le Journal de Saone et Loire,Chalon-sur-Saône
La Renaissance Hebdo,Paray-le-Monial
La Renaissance,Paray-le-Monial
L'Indépendant du Louhannais et du Jura,Louhans
L’Exploitant Agricole de Saône-et-Loire,Mâcon
Infos Dijon,Marmagne
Info-Beaune,Mercurey
Info Chalon,Mercurey
France 3 Bourgogne Franche-Comte,Mâcon
France 3,Torcy
Espérance Paray Le Monial,Paray-le-Monial
Creusot Infos,Marmagne
Club Altitude,Mâcon
ChalonTV.info,Chalon-sur-Saône
Cactus 71,Semur-en-Brionnais
Bresse,Branges
Aléo,Mâcon
vià LMtv-Sarthe,Le Mans
SWEET FM,Le Mans
RCF Sarthe,Le Mans
Radio Alpes Mancelles,Saint-Ouen-de-Mimbré
Prévert 72,Pontvallain
Ouest-France,Le Mans
Le Petit Courrier – L’Echo de la Vallée du Loir,Château du Loir
Le Maine Libre,Le Mans
La Vie Mancelle,Le Mans
L’Echo Sarthois,La Ferté-Bernard
L'Echo de Vibraye,Vibraye
France Bleu Maine,Le Mans
France 3,Le Mans
Contact FM,Montval-sur-Loir
Cartables FM,Le Mans
Alpa,Le Mans
Agri72,Le Mans
Actu Le Mans,Le Mans
TVNet Citoyenne,Chambéry
Terres des Savoie,Saint-Baldoph
Savoie News,Albertville
RCF Savoie,Chambéry
Radio Alto,Lescheraines
R'Courchevel,Courchevel
Montagne FM,Saint-Jean-de-Maurienne
Le Dauphiné Libéré,Aix-les-Bains
Le Dauphiné Libéré,Saint-Jean-de-Maurienne
Le Dauphiné Libéré,Bourg-Saint-Maurice
Le Dauphiné Libéré,Albertville
Le Dauphiné Libéré,Chambéry
La Savoie,Albertville
La Maurienne,Saint-Jean-de-Maurienne
France Bleu Pays de Savoie,Chambéry
France 3 Rhone-Alpes Auvergne,Chambéry
Ellebore FM,Chambéry
Eco Savoie Mont Blanc,Le Bourget-du-Lac
Alto,Lescheraines
Altitude,Albertville
TV8 Mont-Blanc,Epagny Metz-Tessy
Terre des Savoie,Annecy
Semnoz,Annecy
RCF Haute-Savoie,Annecy
Radiomagny,Annemasse
Radio Mont Blanc,Thyez
Radio Mont Blanc,Sallanches
RADIO CHÂTEL,Châtel
Perine FM,La Roche-sur-Foron
ODS RADIO,Annecy
Move On,Epagny Metz-Tessy
Libreinfo74,Annecy
Le Petit Reporter du 73,Annecy
le Messager,Thonon-les-Bains
Le Messager,Thonon-les-Bains
Le Messager,Anthy-sur-Léman
Le Frontalier,Annemasse
Le Faucigny,Thonon-les-Bains
Le Dauphiné Libéré,Sallanches
Le Dauphiné Libéré,Thonon-les-Bains
Le Dauphiné Libéré,Cluses
Le Dauphiné Libéré,Annemasse
Le Dauphiné Libéré,Annecy
L'Essor Savoyard,Annecy
Hebdo des Savoie,Rumilly
H2O,Annecy
Giffre (Ou Radio Samoens),Samoëns
France 3 Rhone-Alpes Auvergne,Archamps
France 3 Rhone-Alpes Auvergne,Annecy
Montmartre Addict,Paris
World Radio Paris (Wrp),Paris
Vivre Paris,Paris
Vivre Lyon,Paris
Vivre FM,Paris
Vivre Bordeaux,Paris
Valgirardin,Paris
Télé Bocal,Paris
Tatouvu,Paris
Soleil Paris,Paris
RDL,Paris
Radio Notre Dame,Paris
Radio Libertaire,Paris
Paroles protestantes Paris,Paris
Paris Luttes Info,Paris
Paris Lights Up,Paris
Paris Est Village,Paris
Ouest-France,Paris
Noise - Le bruit de la Ville,Paris
Néo Toulouse,Paris
Néo Paris,Paris
Néo Bourges,Paris
My Little Paris,Paris
Mon Petit 20e,Paris
Mandarin Europe,Paris
Les Affiches parisiennes,Paris
Le journal du Grand Paris,Paris
Le Journal de l'Axe Seine,Paris
Le Chiffon,Paris
Le Bonbon,Paris
Le 18ème du mois,Paris
La semaine de l'Île-de-France (L'informateur de Seine et Oise),Paris
La Page du 14e arrondissement,Paris
L'essentiel Paris,Paris
L'ami du 20ème,Paris
Ici Et Maintenant,Paris
Hauts De Rouen (Hdr),Rouen
Goutte d’or &amp; vous,Paris
Fréquence Protestante,Paris
Fréquence Paris Plurielle,Paris
France Bleu Paris,Paris
France 3 Paris Ile De France Centre,Paris
Enlarge Your Paris,Paris
Dynamic Radio,Paris
Demain en Ile-de-France,Paris
Campus Paris,Paris
Campus France,Paris
BFM Paris Île-de-France,Paris
Ayp FM,Paris
Aligre FM,Paris
Actu Paris,Paris
A Nous Paris,Paris
Vallée De La Lézarde,Épouville
Tendance Ouest,Toussaint
Tendance Ouest,Rouen
Tendance Ouest,Le Havre
Rouen Info,Elbeuf
RCF Haute-Normandie,Rouen
RC2,Maromme
Radio HDR,Rouen
Radio Campus Rouen,Mont-Saint-Aignan
PIRENÈUS Radio,Maromme
Phare FM Haute Normandie,Louvetot
Paris Normandie,Dieppe
Paris Normandie,Fécamp
Paris Normandie,Neufchâtel-en-Bray
Paris Normandie,Le Havre
Paris Normandie,Lillebonne
Paris Normandie,Rouen
Ouest Track Radio,Le Havre
MICHEL,Le Havre
Les Informations Dieppoises,Dieppe
Le Réveil de Neufchâtel,Neufchâtel-en-Bray
Le Réveil,Neufchâtel-en-Bray
Le Poulpe,Rouen
Le Journal des entreprises,Bihorel
Le Journal d’Elbeuf,Elbeuf
Le Havre Infos,Le Havre
le Courrier Cauchois,Fécamp
Le Courrier Cauchois,Lillebonne
Le Courrier Cauchois,Yvetot
Le Bulletin de l’Arrondissement de Rouen,Darnétal
La Sentinelle,Rouen
La Gazette Normandie,Rouen
l'Union Agricole,Bois-Guillaume
L'informateur d'Eu - LՃclaireur de Gamaches,Eu
L’Informateur,Eu
L'éclaireur-La dépêche,Gournay-en-Bray
L’Eclaireur du Vimeu,Eu
Horizon FM,Barentin
Graine de Viking,Le Petit-Quevilly
Globules,Rouen
France Bleu Normandie,Rouen
France 3 Normandie Rouen,Rouen
France 3 Normandie,Dieppe
France 3,Le Havre
Espace Pays De Bray,Gournay-en-Bray
Côté Rouen,Rouen
BFM Normandie,Rouen
Beur FM,Sotteville-lès-Rouen
Alternative 76,Sotteville-lès-Rouen
Albatros,Le Havre
Agri-Culture.fr,Sotteville-lès-Rouen
A l'Ouest,Rouen
76actu,Rouen
Silver Radio,La Ferté-sous-Jouarre
Radio Capucins,Melun
Oxygène,Montereau-Fault-Yonne
New'S FM,Echouboulains
Mangembo FM,Melun
Mag Journal 77,Boutigny
Le Pays Briard,Coulommiers
Le Parisien,Meaux
Le Parisien,Melun
Le Moniteur de Seine et Marne,Melun
La République de Seine-et-Marne,Melun
La Marne,Meaux
Handi FM,Saint-Fargeau-Ponthierry
France 3 Paris Ile De France Centre,Melun
77 info,Crégy-lès-Meaux
Yvelines Radio,Versailles
Vieille Église,Vieille-Église-en-Yvelines
Vexin Val De Seine,Les Mureaux
TV 78,Guyancourt
Trappy Blog,Trappes
Toutes les Nouvelles,Versailles
Temps Réel 78,Mantes-la-Jolie
Sensations (Essonne),Guyancourt
Sensations - Radio Triangle,Saint-Quentin-en-Yvelines
Marmite FM 88.4,Trappes
Mantes actu,Buchelay
LFM,Mantes-la-Jolie
Les Nouvelles,Versailles
Le Petit Versaillais,Versailles
Le Parisien,Poissy
Le journal des 2 rives,Triel-sur-Seine
Le Courrier des Yvelines,Versailles
Le Courrier de Mantes,Mantes-la-Jolie
La gazette en Yvelines,Mantes-la-Jolie
La Gazette de Saint-Quentin-en-Yvelines,Montigny-le-Bretonneux
La Gazette de la défense,Mantes-la-Jolie
France 3,Bois-d'Arcy
France 3,Versailles
Cinemusic,Saint-Germain-en-Laye
Bpm,Mantes-la-Jolie
78actu,Versailles
Radio Campus Amiens,Amiens
Picardie - La Gazette,Amiens
Oyez oyez,Amiens
Le Journal de Ham,Ham
Le Journal d’Abbeville,Abbeville
Le Courrier Picard,Péronne
Le Courrier Picard,Amiens
Le Courrier Picard,Doullens
Le Courrier Picard,Mers-les-Bains
Le Courrier Picard,Roye
L'Action Agricole Picarde,Amiens
GazetteSports Le Mag,Amiens
Gazette Sports,Amiens
France Bleu Picardie,Amiens
France 3 Picardie,Amiens
Evasion Somme,Amiens
Saxifrage,Gaillac
RCF Pays Tarnais,Albi
RCF Occitanie,Albi
RADIO MENERGY,Lescure-d'Albigeois
Radio Lacaune,Lacaune
Radio Cagnac,Cagnac-les-Mines
Radio Albigés,Albi
Radio Albigés,Albi
R D'Autan Gaillac,Lavaur
Plus FM,Mazamet
Le Tarn Libre,Albi
Le Paysan Tarnais,Albi
Le Journal d'Ici Tarn et Lauragais,Castres
La Dépêche du Midi,Castres
La Dépêche du Midi,Albi
La Dépêche du Midi,Albi
L'Echo du Pays rabastinois,Rabastens
France 3,Terssac
100% Radio,Aussillon
VFM,Valence
Totem,Bressols
Radio Sentinelle,Piquecos
Radio d'Oc,Moissac
Phare FM Montauban,L'Honor-de-Cos
Le Petit Journal,Montauban
LE JOURNAL DU PALAIS de Tarn-et-Garonne,Montauban
La Dépêche du Midi,Valence
La Dépêche du Midi,Montauban
La Dépêche du Midi,Moissac
L'action agricole de Tarn et Garonne,Montauban
Courrier français du Tarn-et-Garonne,Montauban
CFM,Montauban
Association -82,Montauban
Var Matin,Sanary
Var Matin,la Seyne
Var Matin,Hyères
Var Matin,Brignoles
Var Matin,Saint-Tropez
Var Matin,Saint-Raphaël
Var Matin,Draguignan
Var Matin,Toulon
Top FM,Six-Fours-les-Plages
RCF Méditerranée est-Var,Saint-Raphaël
RCF Méditerranée,Toulon
Radio Verdon,Saint-Julien
Radio Sainte-Baume,Saint-Maximin-la-Sainte-Baume
Radio Métropole,Draguignan
Radio Maria France,La Garde
Radio Active,La Valette-du-Var
Nouveau journal du Pays de Fayence,Montauroux
Mosaïque FM,Fréjus
MISTRAL FM,Méounes-lès-Montrieux
Le vidéographe,Barjols
Le Var Information,Le Muy
L'Essentiel Toulon,Toulon
Fréquence Mistral,Fréjus
France 3 Mediterranee,Draguignan
France 3,Toulon
Corse Bellevue,Sanary-sur-Mer
Comète FM,Apt
BFM Toulon Var,Toulon
Zap FM,Valréas
Vaucluse-Agricole,Avignon
Vaucluse Hebdo,Avignon
Sans Transition ! Provence,Malaucène
Rtv FM,Carpentras
RCF Vaucluse,Avignon
Raje Avignon,Avignon
Mix (La Radio Étudiante),Orange
Le Dauphiné Libéré,Bollène
Le Dauphiné Libéré,Carpentras
Le Dauphiné Libéré,Avignon
La Tribune LMA,Valréas
La Provence,Carpentras
La Provence,Orange
La Provence,Avignon
L'echo du mardi - Les petites affiches de Vaucluse,Avignon
Fréquence Mistral,Avignon
France Bleu Vaucluse,Avignon
France 3 Mediterranee,Avignon
FlyFM,Monteux
Terres de Cognac,Mignaloux-Beauvoir
Styl'FM,Neuville-de-Poitou
Rmz (Radio Mégahertz),Poitiers
RCF Poitou,Poitiers
Pulsar,Poitiers
Le 7 (7 à Poitiers),Chasseneuil-du-Poitou
La Vienne Rurale,Mignaloux-Beauvoir
La Nouvelle République du Centre-Ouest,Montmorillon
La Nouvelle République du Centre-Ouest,Châtellerault
La Nouvelle République du Centre-Ouest,Poitiers
L'Avenir,Poitiers
Info-éco,Poitiers
France Bleu Poitou,Poitiers
France 3 Poitou-Charentes,Poitiers
Écho Des Choucas,Chauvigny
Delta FM,Dissay
Courrier français de Vienne et Deux-Sèvres,Poitiers
Centre-Presse,Poitiers
Agora,Montmorillon
Union &amp; Territoires,Limoges
Trouble Fête,Limoges
Swing FM,Limoges
RCF Limousin,Limoges
Open,Ambazac
Marceau Choisi,Limoges
Limoges Infos,Limoges
Le Populaire du Centre,Limoges
Le Populaire du Centre,Bellac
Le Populaire du Centre,Saint-Junien
La Radio Des Meilleurs Jours (Rmj),Magnac-Laval
La Bogue,Limoges
"L'Abeille, le Nouvelliste",Saint-Junien
Kaolin FM,Saint-Yrieix-la-Perche
France Bleu Limousin,Limoges
France 3 Nouvelle Aquitaine,Limoges
Flash FM,Limoges
Émergence FM,Limoges
Beaub'FM 89 (Beaubreuil),Limoges
Vosges Matin,Neufchâteau
Vosges Matin,Vittel
Vosges Matin,Remiremont
Vosges Matin,Saint-Dié-des-Vosges
Vosges Bellevue,Combrimont
vià Vosges,Épinal
Saint Dié info,Gérardmer
Résonance FM,La Bresse
RemiremontVallées.com,Saulxures-sur-Moselotte
MAGNUM LA RADIO,Contrexéville
Le Paysan Vosgien,Épinal
Le Lorrain,Belmont-sur-Buttant
La Plaine des Vosges Info,Gérardmer
L'Est Républicain,Saint-Dié-des-Vosges
L'Echo des Vosges,Épinal
L’Abeille,Épinal
Gue Mozot,Saint-Étienne-lès-Remiremont
Gérardmer Info,Gérardmer
France 3 Lorraine Champagne-Ardenne,Épinal
Epinal Info,Gérardmer
Des Ballons,Le Thillot
Cristal,Épinal
Contact -88,Saint-Dié-des-Vosges
Cocktail FM,Gérardmer
Causons-En,Saint-Michel-sur-Meurthe
100% vosges,Épinal
Triage FM,Migennes
Stolliahc,Sens
Rc2,Serrigny
Radyonne FM,Vermenton
RADYONNE,Nitry
Presse Evasion,Druyes-les-Belles-Fontaines
Nord Bourgogne Pont Sur Yonne (89 Rnb),Pont-sur-Yonne
Nord Bourgogne Auxerre,Pont-sur-Yonne
"Le criquet Avallonais, Auxois et Morvan",Avallon
La Liberté de l’Yonne,Auxerre
L'Yonne Républicaine,Auxerre
L'Yonne Républicaine,Avallon
L'Yonne Républicaine,Toucy
L'Yonne Républicaine,Sens
L'Yonne Républicaine,Joigny
L’Indépendant de l’Yonne,Sens
France Bleu Auxerre,Auxerre
France 3 Bourgogne Franche-Comte,Auxerre
Avallon,Avallon
Le Trois,Auxelles-Bas
L'Est Républicain,Belfort
France Bleu Belfort Montbelliard,Belfort
Sortir! En Essonne,Breux-Jouy
Mille Pattes,Saulx-les-Chartreux
M'Essonne,Breux-Jouy
Le Républicain,Ris-Orangis
Le Petit ZPL (zone de publication libre),Palaiseau
Le Parisien,Évry-Courcouronnes
Latitude Media,Évry-Courcouronnes
Horizon FM,Sainte-Geneviève-des-Bois
Evasion FM,Évry-Courcouronnes
Étudiante Evryone,Évry-Courcouronnes
Blp Radio,Villebon-sur-Yvette
Actu Essonne,Melun
Le journal de Bécon,Courbevoie
France 3 Paris Île-de-France,Vanves
France 3,Saint-Cloud
Espace FM,Clichy
Club De Rueil,Rueil-Malmaison
Actu Hauts-de-Seine,Nanterre
vià93,Montreuil
Transonore,Le Pré-Saint-Gervais
Street Press,Montreuil
Mon Pays (Web Radio),Saint-Denis
M'S,Montreuil
Le Journal de Saint-Denis,Saint-Denis
Le Blog de Nestor,Montreuil
L'insatiable,Montreuil
France 3 Paris Ile-De-France,Bobigny
Echo d’Ile de France,Le Raincy
Bonjour Pantin,Pantin
Bondy Blog,Bondy
Bobigny.co,Bobigny
Basta!,Montreuil
Actu Seine-Saint-Denis,Bobigny
Val de Marne Infos,Alfortville
Les Muses de Paris,Villejuif
Le Parisien,Créteil
Contrevues,Nogent-sur-Marne
Actu Val-de-Marne,Vitry-sur-Seine
94 Citoyens,Nogent-sur-Marne
VOnews.fr/vià95,Pontoise
Visago News,Villiers-le-Bel
Vià 95 (VO News 95),Cergy
Tamtam (Web Radio),Bezons
Rgb,Cergy
Or Périph,Ermont
Le Petit Journal de Sagy,Sagy
Le Parisien,Cergy
La Gazette du Val d’Oise,Pontoise
L'Echo - Le régional,Pontoise
IdFM,Enghien-les-Bains
France 3,Cergy
Alternative FM,Persan
RCF Corsica,Lecci
Paroles de Corse,Ajaccio
Journal de la Corse,Ajaccio
Frequenza Nostra,Pietrosella
France 3 Corse ViaStella,Ajaccio
Corsica Radio,Ajaccio
Corse Matin,Porto-Vecchio
Corse Matin,Ajaccio
Corse Matin,Sartène
Alta Frequenza,Ajaccio
Voce Nustrale,Cervione
Télé Paese,Santa-Reparata-di-Balagna
Tahiti Infos,Lucciana
Salve Regina,Bastia
Nebbia Campus Corte,Corte
L'Informateur Corse Nouvelle,Bastia
France Bleu RCFM,Bastia
France 3 Corse ViaStella,Bastia
Corse Net Infos,Santa-Maria-di-Lota
Corse Matin,Corte
Corse Matin,Bastia
Corse Matin,Calvi
Corse Matin,Aléria
Calvi Citadelle,Calvi
Balagne,Santa-Reparata-di-Balagna
A Piazzetta,Bastia
